id,create_time,name,message,type,link,comments,reactions,shares
1556276644616898_1757776137800280,2017-04-11 01:55:29,,"🔊注意！
目前iOS裝置上遊戲設定中，🔇關閉音樂的狀態下，
記憶小島「啦啦隊歡呼戰中取得勝利」任務將無法正常執行。

*跑跑薑餅人設定 → 音效設定 → ✔勾選「音樂」，記憶小島任務即可正常執行。

以上錯誤問題將盡快進行修復，遊戲中造成不便，非常抱歉。",status,,60,101,
1556276644616898_1757478827830011,2017-04-11 01:24:10,Timeline Photos,"遊戲更新囉！
還有水晶等著你哦～！！",photo,https://www.facebook.com/cookierunzh/photos/a.1671410236436871.1073741828.1556276644616898/1757478827830011/?type=3,68,236,2.0
1556276644616898_1756107674633793,2017-04-08 11:00:00,Photos from 跑跑薑餅人：烤箱大逃亡's post,🎬 把握英雄餅乾記憶的最後時光～💫,photo,https://www.facebook.com/cookierunzh/photos/a.1671410236436871.1073741828.1556276644616898/1756107274633833/?type=3,26,108,
1556276644616898_1756010774643483,2017-04-07 05:03:00,,"📅 更新內容預告
幫餅乾們換新衣吧✨
COMING SOON！",video,https://www.facebook.com/cookierunzh/videos/1756010774643483/,49,315,3.0
1556276644616898_1755529368024957,2017-04-06 04:30:49,Timeline Photos,"📅  更新內容預告

某個餅乾＆寵物正在逼近中！！
COMING SOON！",photo,https://www.facebook.com/cookierunzh/photos/a.1671410236436871.1073741828.1556276644616898/1755529368024957/?type=3,39,368,6.0
1556276644616898_1754965701414657,2017-04-05 04:41:06,Timeline Photos,"🌸春天造句小活動🌸 得獎名單出爐！

1⃣ 達成500按讚數，送給大家💎 300顆水晶優惠券喲 !
＊優惠券序號：SPRI-NGIS-HERE-2017
＊每個帳號限使用1次
＊優惠券登記期限：4/30 23:00
＊前往下列網址登入優惠券序號：
https://www.cookierun.com/zh-tw/coupon

2⃣ 感謝所有玩家熱情參與～3000顆水晶幸運中獎兒
10位加碼至20位❗❗

【3000顆水晶得獎名單】
喬治 (春季將來 天天開心玩薑餅)
王世宏 (春風少年。天高地厚)
陳其賢 (春天來了 天天都開心)
Pak Lok Ho (春天清明節拜祭先人 天氣惡劣真是氣死人)
黃順章 (春花秋月 天理不容)
Nitar Lin (春意盎然 天天跑跑薑餅人跑到忘我)
汪采薇 (春夏秋冬 天天手拿低頭玩跑跑薑餅人)
洪正浩 (春天找不到 天也惋嘆你)
王月佳 (春來我的媽 天天熬夜玩跑跑)
Xu Bo Zhi (「春」神來了「天」知道)
鍾雅芸 (春天的吶喊 天雨路滑 小心駕駛)
李怡倩 (春）去秋來（天）天想你)
王佩如 (春蠶到死絲方盡 天天薑餅玩盡興)
Junyi Shen (「春」很多時間「天」天薑餅人)
Saffi Ting (春宵一刻值千金，天長地久水晶一秒計費)
李紹均 (春季祭 天天送傳奇餅乾)
劉烜佑 (春天後母臉 天下無不是的父母)
張婉鳳 (春夏秋冬 天天都要玩跑跑薑餅人!)
葉彥穎 (春夏秋冬 天氣異常)
HengYi Su (春秋戰國 天天薑餅人大戰)

＊以上得獎玩家請留意✉私訊哦！",photo,https://www.facebook.com/cookierunzh/photos/a.1671410236436871.1073741828.1556276644616898/1754965701414657/?type=3,81,880,21.0
1556276644616898_1754114648166429,2017-04-04 03:00:00,Timeline Photos,"☆兒童節快樂☆
那些年～
你收過最快樂的兒童節禮物🎁是什麼呢？！",photo,https://www.facebook.com/cookierunzh/photos/a.1671410236436871.1073741828.1556276644616898/1754114648166429/?type=3,44,303,1.0
1556276644616898_1752580854986475,2017-03-31 15:05:29,Timeline Photos,"😜4月特別放送😝
快前往下面網址，輸入你的ID和圖片中的序號吧！拿走水晶囉～
只有一天❗
＊水晶序號輸入網址：https://www.cookierun.com/zh-tw/coupon
＊領取期限：2017年4月1日23:00為止",photo,https://www.facebook.com/cookierunzh/photos/a.1671410236436871.1073741828.1556276644616898/1752580854986475/?type=3,184,601,24.0
1556276644616898_1751640725080488,2017-03-29 05:13:40,Timeline Photos,"🌸春天造句活動來囉🌸  送你水晶～💎

讓我們一起迎接可愛溫暖的春天吧！
期待大家的創意文❤

✔參加方法：用 「春」 「天」 開頭造出兩行句子
範例：
「春」暖花開 
「天」天一起跑跑薑餅人！

✔抽出10位幸運玩家，將能獲得3000顆水晶優惠券

✔另外！本活動貼文按讚數達到500的話
再送給所有玩家300顆水晶！

活動時間：3月29日起 至 4月4日 23:59止

得獎名單發表日：4月5日 (三)",photo,https://www.facebook.com/cookierunzh/photos/a.1671410236436871.1073741828.1556276644616898/1751640725080488/?type=3,541,1063,13.0
1556276644616898_1751263608451533,2017-03-28 09:00:00,Timeline Photos,"別忘了餅乾加油團🌟
幫用心跑跑的你～加油打氣！！！",photo,https://www.facebook.com/cookierunzh/photos/a.1671410236436871.1073741828.1556276644616898/1751263608451533/?type=3,35,172,
1556276644616898_1749499715294589,2017-03-27 09:00:00,Photos from 跑跑薑餅人：烤箱大逃亡's post,"最終回❗❗
☆純Kki作家的「餅乾英雄」第8集☆

感謝各位的收看～👏",photo,https://www.facebook.com/cookierunzh/photos/a.1671410236436871.1073741828.1556276644616898/1749498878628006/?type=3,6,142,3.0
1556276644616898_1749555378622356,2017-03-25 09:00:00,,"🎮跑跑團隊的挑戰🎮
記憶小島最後一關任務來囉！！",video,https://www.facebook.com/cookierunzh/videos/1749555378622356/,113,498,7.0
1556276644616898_1748495545395006,2017-03-24 11:00:00,Timeline Photos,"謝謝跑跑玩家的厚愛😀
跑跑薑餅人～突破9⃣0⃣0⃣萬玩家囉！",photo,https://www.facebook.com/cookierunzh/photos/a.1671410236436871.1073741828.1556276644616898/1748495545395006/?type=3,56,411,1.0
1556276644616898_1747977465446814,2017-03-21 06:40:00,Timeline Photos,"⏰ 更新跑跑的時間到囉！
快來吧！遊戲中見～！！",photo,https://www.facebook.com/cookierunzh/photos/a.1671410236436871.1073741828.1556276644616898/1747977465446814/?type=3,190,341,1.0
1556276644616898_1746360358941858,2017-03-21 04:30:00,Photos from 跑跑薑餅人：烤箱大逃亡's post,"☆純Kki作家的「餅乾英雄」第7集☆

一定要看到最後的餅乾英雄！👀",photo,https://www.facebook.com/cookierunzh/photos/a.1671410236436871.1073741828.1556276644616898/1746359895608571/?type=3,17,145,7.0
1556276644616898_890236061117345,2017-03-17 13:53:19,記憶小島 : 英雄餅乾,"先來一探究竟吧！英雄餅乾的記憶～！
COMING SOON！",video,https://www.facebook.com/cookierunzh/videos/890236061117345/,72,249,3.0
1556276644616898_1745945755649985,2017-03-16 06:16:21,,"新消息報到📣
傳奇餅乾！Coming Soon！！",video,https://www.facebook.com/cookierunzh/videos/1745945755649985/,41,369,6.0
1556276644616898_1745264802384747,2017-03-15 04:00:01,Timeline Photos,"✔️每日任務
請求餅乾＆寵物！
好朋友們一起解任務吧～！",photo,https://www.facebook.com/cookierunzh/photos/a.1671410236436871.1073741828.1556276644616898/1745264802384747/?type=3,18,153,1.0
1556276644616898_1745125812398646,2017-03-14 04:00:00,Timeline Photos,"❤白色情人節快樂❤
別忘了和身邊的家人朋友情人表達愛意囉😍",photo,https://www.facebook.com/cookierunzh/photos/a.1671410236436871.1073741828.1556276644616898/1745125812398646/?type=3,23,308,2.0
1556276644616898_1743177265926834,2017-03-13 09:00:00,Photos from 跑跑薑餅人：烤箱大逃亡's post,"☆純Kki作家的「餅乾英雄」第6集☆
真是撲朔迷離的劇情～🤓",photo,https://www.facebook.com/cookierunzh/photos/a.1671410236436871.1073741828.1556276644616898/1743176699260224/?type=3,11,155,5.0
1556276644616898_1742649735979587,2017-03-08 09:00:00,Timeline Photos,"💛👭👫👬👭👫👬

各種添加好朋友的方法！

👭👫👬👭👫👬💛",photo,https://www.facebook.com/cookierunzh/photos/a.1671410236436871.1073741828.1556276644616898/1742649735979587/?type=3,26,137,3.0
1556276644616898_1740634826181078,2017-03-06 09:00:00,Photos from 跑跑薑餅人：烤箱大逃亡's post,"☆純Kki作家的「餅乾英雄」第5集☆
☝️你喜歡哪個餅乾？🤔",photo,https://www.facebook.com/cookierunzh/photos/a.1671410236436871.1073741828.1556276644616898/1740634289514465/?type=3,8,147,10.0
1556276644616898_1739072626337298,2017-02-28 03:00:00,,"令人期待的新內容要登場囉！
提示：甜甜的，可以吃的
吃了跑得更開心😋",video,https://www.facebook.com/cookierunzh/videos/1739072626337298/,30,262,3.0
1556276644616898_1737796813131546,2017-02-27 09:00:00,Photos from 跑跑薑餅人：烤箱大逃亡's post,"☆純Kki作家的「餅乾英雄」第4集☆

錯過前3集的朋友～可以看過去的貼文哦🤓",photo,https://www.facebook.com/cookierunzh/photos/a.1671410236436871.1073741828.1556276644616898/1737796043131623/?type=3,16,201,7.0
1556276644616898_870319129775705,2017-02-22 05:00:01,餅乾小食譜：勇敢餅乾,你知道餅乾是怎麼來的嗎？😋,video,https://www.facebook.com/cookierunzh/videos/870319129775705/,55,340,7.0
1556276644616898_1736150139962880,2017-02-20 08:00:00,Photos from 跑跑薑餅人：烤箱大逃亡's post,"☆純Kki作家的「餅乾英雄」第3集☆

 希望各位有個快樂、充滿朝氣的一週！❣️",photo,https://www.facebook.com/cookierunzh/photos/a.1671410236436871.1073741828.1556276644616898/1736149426629618/?type=3,17,205,10.0
1556276644616898_1733865806857980,2017-02-15 10:07:56,Timeline Photos,"🔔熱騰騰的遊戲更新內容來囉！
來去看看吧👀",photo,https://www.facebook.com/cookierunzh/photos/a.1671410236436871.1073741828.1556276644616898/1733865806857980/?type=3,50,250,2.0
1556276644616898_1733831666861394,2017-02-15 07:45:11,Timeline Photos,"遊戲正在進行約4小時的維護作業

請各位玩家耐心等候～跑跑薑餅人很快就回來囉😉
維護時間：2月15日 15:00 ~ 19:00 (台灣時間)",photo,https://www.facebook.com/cookierunzh/photos/a.1671410236436871.1073741828.1556276644616898/1733831666861394/?type=3,16,179,3.0
1556276644616898_1733398260238068,2017-02-14 04:40:03,Timeline Photos,"💕情人節快樂💕

祝每一位跑跑朋友有個溫暖甜蜜的一天🌹",photo,https://www.facebook.com/cookierunzh/photos/a.1671410236436871.1073741828.1556276644616898/1733398260238068/?type=3,14,279,1.0
1556276644616898_1733041536940407,2017-02-13 08:00:07,Photos from 跑跑薑餅人：烤箱大逃亡's post,"☆純Kki作家的「餅乾英雄」第2集☆

💛喜歡記得分享給好朋友💛",photo,https://www.facebook.com/cookierunzh/photos/a.1671410236436871.1073741828.1556276644616898/1733041256940435/?type=3,25,268,22.0
1556276644616898_1730939397150621,2017-02-08 04:00:00,Timeline Photos,"好朋友一起跑跑跳跳🏃💦
越多越好玩～！",photo,https://www.facebook.com/cookierunzh/photos/a.1671410236436871.1073741828.1556276644616898/1730939397150621/?type=3,73,304,10.0
1556276644616898_1730176783893549,2017-02-06 08:00:00,Photos from 跑跑薑餅人：烤箱大逃亡's post,☆純Kki作家的漫畫作品「餅乾英雄」來囉！☆,photo,https://www.facebook.com/cookierunzh/photos/a.1671410236436871.1073741828.1556276644616898/1730174663893761/?type=3,60,633,66.0
1556276644616898_1727960480781846,2017-02-01 01:34:46,Timeline Photos,"雞年大吉🎉 突破800萬玩家！
感謝每個你的支持＆愛護😊",photo,https://www.facebook.com/cookierunzh/photos/a.1671410236436871.1073741828.1556276644616898/1727960480781846/?type=3,59,463,3.0
1556276644616898_1722640874647140,2017-01-27 05:00:00,,"🎈🎉 好消息快報🎉🎈

今天終於在烤箱中找到被施魔法的卡片們！
他們叫做『Solitaire: Decked Out 』開心接龍！

會動會跳！想必是被魔女施了魔法ç
快去一探究竟吧！Go！Go ！ 

🌟傳送門：solitaire-deckedout.com/app.html",video,https://www.facebook.com/cookierunzh/videos/1722640874647140/,20,169,1.0
1556276644616898_1724804484430779,2017-01-26 15:00:24,Timeline Photos,"2017 迎接🐔年！一起暖身後出發吧！Run！

🔥火力全開時間🔥

(活動時間 : 1月 26 23:00 ~ 1月 30日 22:59)",photo,https://www.facebook.com/cookierunzh/photos/a.1671410236436871.1073741828.1556276644616898/1724804484430779/?type=3,19,271,4.0
1556276644616898_1723071084604119,2017-01-26 02:00:02,Timeline Photos,"餅乾來拜早年～

🐔新年快樂＆每天送好禮！讓你事事如意！

🐔 禮物一覽
- 1月 26日: 寵物寶箱鑰匙1把
- 1月 27日: 餅乾寶箱鑰匙1把
- 1月 28日: 冰鑽寶箱鑰匙1把 + 100,000錢幣
- 1月 29日: 水晶700顆
- 1月 30日: 草莓鮮奶油寶箱鑰匙1把
- 1月 31日: 水晶500顆

🐔 新的一年讓我們繼續往前跑！Run！",photo,https://www.facebook.com/cookierunzh/photos/a.1671410236436871.1073741828.1556276644616898/1723071084604119/?type=3,69,473,6.0
1556276644616898_1724536784457549,2017-01-24 12:30:01,Timeline Photos,"【比賽獎勵＆配對系統調整公告】

快下載跑跑薑餅人最新版本，
送你餅乾寶箱鑰匙🔑🔑🔑 寵物鑰匙各3把🔑🔑🔑！",photo,https://www.facebook.com/cookierunzh/photos/a.1671410236436871.1073741828.1556276644616898/1724536784457549/?type=3,60,364,2.0
1556276644616898_1723056741272220,2017-01-20 11:24:44,Timeline Photos,"🔥 🔥寒冷的冬天～就是要火力全開！🔥🔥

火力全開時間：20日23:00起至22日22:59止！",photo,https://www.facebook.com/cookierunzh/photos/a.1671410236436871.1073741828.1556276644616898/1723056741272220/?type=3,60,418,4.0
1556276644616898_1691610907750137,2017-01-20 02:35:18,Timeline Photos,"🌟跑跑粉絲的可愛創作

今天就來陶醉於夾心音箱的療癒音樂中吧～♫♪

by loderihua",photo,https://www.facebook.com/cookierunzh/photos/a.1671410236436871.1073741828.1556276644616898/1691610907750137/?type=3,20,354,
1556276644616898_1720994528145108,2017-01-16 07:36:41,Timeline Photos,"🏆😎 準備好前往冠軍聯賽了嗎？ 
下載最新版本，送你冰鑽寶箱鑰匙！

跑跑傳送門 : https://goo.gl/xuxcFc",photo,https://www.facebook.com/cookierunzh/photos/a.1671410236436871.1073741828.1556276644616898/1720994528145108/?type=3,71,382,3.0
1556276644616898_1719842811593613,2017-01-13 10:32:59,Timeline Photos,"🔥帶來暖呼呼的預告🔥
冠軍聯賽coming soon！",photo,https://www.facebook.com/cookierunzh/photos/a.1671410236436871.1073741828.1556276644616898/1719842811593613/?type=3,49,437,1.0
1556276644616898_1718156055095622,2017-01-09 05:00:00,Timeline Photos,試試在體力微弱時，前往Bonus Time吧！😎✨,photo,https://www.facebook.com/cookierunzh/photos/a.1671410236436871.1073741828.1556276644616898/1718156055095622/?type=3,72,439,
1556276644616898_1716570581920836,2017-01-05 03:57:24,Timeline Photos,"2017年新開始😉
✨ 跑跑玩家突破7️00萬人！
今年也請一起快樂跑跑跳跳！",photo,https://www.facebook.com/cookierunzh/photos/a.1671410236436871.1073741828.1556276644616898/1716570581920836/?type=3,137,901,5.0
1556276644616898_1710276215883606,2016-12-31 16:01:43,Timeline Photos,"2017☀新年快樂🎉

新的一年～請繼續支持跑跑薑餅人
我們會更加努力！提供更好的服務！",photo,https://www.facebook.com/cookierunzh/photos/a.1671410236436871.1073741828.1556276644616898/1710276215883606/?type=3,99,747,7.0
1556276644616898_1710276175883610,2016-12-29 06:00:01,Timeline Photos,"一起度過溫暖的年末🌟
感謝您的支持，跑跑薑餅人在寒冷的冬季帶來滿滿溫暖🔥

我們將盡最大努力，提供更歡樂的跑跑薑餅人💪
遊戲裡見囉，不見不散！",photo,https://www.facebook.com/cookierunzh/photos/a.1671410236436871.1073741828.1556276644616898/1710276175883610/?type=3,91,561,4.0
1556276644616898_1670078586570036,2016-12-27 06:14:29,跑跑薑餅人：烤箱大逃亡's cover photo,,photo,https://www.facebook.com/cookierunzh/photos/a.1556717001239529.1073741827.1556276644616898/1670078586570036/?type=3,156,959,28.0
1556276644616898_1710276122550282,2016-12-24 16:00:01,Timeline Photos,"🎅聖誕快樂！
聖誕節❄️不能沒有薑餅人😊
希望你今年也過得愉快、跑得更愉快！",photo,https://www.facebook.com/cookierunzh/photos/a.1671410236436871.1073741828.1556276644616898/1710276122550282/?type=3,71,524,4.0
1556276644616898_1710275975883630,2016-12-23 16:02:35,Timeline Photos,"🎄🎅平安夜快樂🎅🎄
祝各位跑跑玩家擁有美好的平安夜晚
團聚時光～記得打開藍牙加好友，一起跑跑吧！
我們一直和你同在喲～⭐",photo,https://www.facebook.com/cookierunzh/photos/a.1671410236436871.1073741828.1556276644616898/1710275975883630/?type=3,68,446,2.0
1556276644616898_1711328912445003,2016-12-23 09:20:00,Timeline Photos,"2016年有你真好！
帶有小小心意的小禮物在等著你喔！🔑🎁",photo,https://www.facebook.com/cookierunzh/photos/a.1671410236436871.1073741828.1556276644616898/1711328912445003/?type=3,117,761,4.0
1556276644616898_839273406213611,2016-12-20 05:05:05,Happy Holidays from Cookie Run!,"冬季快樂！
感謝您今年對我們跑跑薑餅人的支持，跑跑薑餅人團隊感謝您一直在。^_^",video,https://www.facebook.com/cookierunzh/videos/839273406213611/,98,828,17.0
1556276644616898_1708085346102693,2016-12-16 11:00:00,Timeline Photos,"達到600萬用戶紀念。送給大家1000個水晶！
跑跑薑餅人感謝您的支持與喜愛！",photo,https://www.facebook.com/cookierunzh/photos/a.1671410236436871.1073741828.1556276644616898/1708085346102693/?type=3,202,1616,10.0
1556276644616898_1706717276239500,2016-12-15 05:00:01,Timeline Photos,"想要尋找寶物嗎？
寶物是從寶箱裏面隨機抽取的！
逃出等級越高，出現的寶物幾率越大喔！",photo,https://www.facebook.com/cookierunzh/photos/a.1671410236436871.1073741828.1556276644616898/1706717276239500/?type=3,126,583,4.0
1556276644616898_1706373716273856,2016-12-12 11:16:54,跑跑薑餅人：烤箱大逃亡's cover photo,,photo,https://www.facebook.com/cookierunzh/photos/a.1556717001239529.1073741827.1556276644616898/1706373716273856/?type=3,123,449,3.0
1556276644616898_1703205486590679,2016-12-09 08:00:00,Timeline Photos,"想要成為富翁嗎？
相信餅乾們吧！逃出6&12級，就會出現任務喔！",photo,https://www.facebook.com/cookierunzh/photos/a.1671410236436871.1073741828.1556276644616898/1703205486590679/?type=3,207,710,5.0
1556276644616898_1691611424416752,2016-12-06 11:00:00,Timeline Photos,"提醒跑跑玩家
記得把自己～包緊緊⛄",photo,https://www.facebook.com/cookierunzh/photos/a.1671410236436871.1073741828.1556276644616898/1691611424416752/?type=3,162,619,5.0
1556276644616898_1700056016905626,2016-11-30 21:00:00,Timeline Photos,"🔥寒冬中～為你送上跑跑薑餅人更新公告！🔥
一起來～跑跑跳跳！暖暖身！
我們遊戲裡見囉😃",photo,https://www.facebook.com/cookierunzh/photos/a.1671410236436871.1073741828.1556276644616898/1700056016905626/?type=3,432,1233,9.0
1556276644616898_1700031986908029,2016-11-30 12:00:00,Timeline Photos,"【遊戲維護公告】
11月30日 22:00 - 12月1日 04:00 進行遊戲定期維護 (預計6小時)

為提供更優質、有趣的跑跑薑餅人～請耐心等候哦😊",photo,https://www.facebook.com/cookierunzh/photos/a.1671410236436871.1073741828.1556276644616898/1700031986908029/?type=3,133,621,5.0
1556276644616898_1697241670520394,2016-11-27 12:00:00,Timeline Photos,"🌟🌟🌟送上第3個小消息！
請跑跑玩家們～即將準備囉！",photo,https://www.facebook.com/cookierunzh/photos/a.1671410236436871.1073741828.1556276644616898/1697241670520394/?type=3,286,822,7.0
1556276644616898_1697241150520446,2016-11-26 12:00:00,Timeline Photos,"🌟🌟第2個新消息來囉！
請期待新的更新😊",photo,https://www.facebook.com/cookierunzh/photos/a.1671410236436871.1073741828.1556276644616898/1697241150520446/?type=3,253,762,4.0
1556276644616898_1697240690520492,2016-11-25 13:20:42,Timeline Photos,"🌟餅乾們送來的新消息！
敬請期待～！！",photo,https://www.facebook.com/cookierunzh/photos/a.1671410236436871.1073741828.1556276644616898/1697240690520492/?type=3,266,1203,15.0
1556276644616898_1697279127183315,2016-11-24 13:30:00,,"跑跑薑餅人即將帶來新內容！
😊歡迎鎖定我們的最新消息👈",status,,167,674,3.0
1556276644616898_1694573580787203,2016-11-19 05:00:00,"【MUKBANG】 I Tried to Play Cookie Run : Oven Break ! [ 2Kg of Cookies, 8200Kcal ] | Yuka [Oogui]","來看看甜美的日本大食王【木下佑香】
究竟！能吃下幾個超大餅乾吧！💪",video,https://youtu.be/UCOLs4Pw1hs,111,453,1.0
1556276644616898_1693921700852391,2016-11-17 08:00:00,Timeline Photos,"好友越多、越好玩喔！😄
一起Run、一起成長！😃",photo,https://www.facebook.com/cookierunzh/photos/a.1671410236436871.1073741828.1556276644616898/1693921700852391/?type=3,734,1148,26.0
1556276644616898_1693592817551946,2016-11-16 08:04:47,[麻吉度診斷] 在跑跑薑餅人的世界裡和我一起奔跑的朋友是?!,"🔍 好友診斷時間來囉🔍

和你同享樂、共患難的好朋友是誰呢？！
😝一測見真章～

馬上tag好友一起玩❤",link,http://tw.vonvon.me/quiz/1457?utm_source=facebook&utm_medium=fbpage&utm_campaign=tw1457&utm_content=2016-11-16&utm_term=pagefan_mf_1365&grt_origin=facebook_fbpage_tw1457_2016-11-16_pagefan_mf_1365,127,408,15.0
1556276644616898_1693182414259653,2016-11-15 08:00:00,Photos from 跑跑薑餅人：烤箱大逃亡's post,"跑跑過程中，遇到各種疑難雜症嗎❓
歡迎前往我們的FAQ專區😊
https://cs.devsisters.com/cookierun-ovenbreak",photo,https://www.facebook.com/cookierunzh/photos/a.1671410236436871.1073741828.1556276644616898/1693182197593008/?type=3,88,383,8.0
1556276644616898_1691606621083899,2016-11-11 07:04:46,Timeline Photos,"🌟跑跑粉絲的可愛創作
爆米花＋甜甜圈＝夢幻口味

By: https://twitter.com/@Hoshi_kabi_0618

歡迎與我們分享～你的小創作喔😊",photo,https://www.facebook.com/cookierunzh/photos/a.1671410236436871.1073741828.1556276644616898/1691606621083899/?type=3,121,515,6.0
1556276644616898_1689841771260384,2016-11-07 08:00:00,Timeline Photos,"歡迎各位跑跑玩家一起加入論壇哦！

👉 https://forum.cookierun.com

一起討論交流、一起玩～
來選一個專屬你的大頭貼照吧✨",photo,https://www.facebook.com/cookierunzh/photos/a.1671410236436871.1073741828.1556276644616898/1689841771260384/?type=3,291,697,11.0
1556276644616898_1689576537953574,2016-11-06 14:33:31,Timeline Photos,"[緊急維護公告 - 已結束]

由於大量玩家湧入，所進行的緊急維護作業已完成。
遊戲中造成不便，敬請見諒。

我們將發送補償獎勵300顆水晶表示歉意。

* 補償發送對象：
於11月7日(一)00:00前為止加入《跑跑薑餅人 : 烤箱大逃亡》的玩家們

* 獎勵下發時間：
2016年11月7日(一) 23:00止 
(台灣時間為準)

營運團隊將持續努力提供良好的遊戲環境!

跑跑薑餅人營運團隊敬上",photo,https://www.facebook.com/cookierunzh/photos/a.1671410236436871.1073741828.1556276644616898/1689576537953574/?type=3,116,470,4.0
1556276644616898_1687789144798980,2016-11-03 05:41:00,Timeline Photos,"事前預約FB分享活動 🎉
中獎名單出爐囉！🎁

恭喜幸運的跑跑玩家！
並感謝所有熱情參與的你們～

👉請前往下列網址查看
https://forum.cookierun.com/thread/22380#/page-1

★中獎者於11/9(三)23:59前“私訊”我們，逾期視同放棄。　
提供以下資料：
中獎商品：
FB名稱：
收件人：
收件地址：
手機：
市話：

今天也跑得愉快囉！",photo,https://www.facebook.com/cookierunzh/photos/a.1671410236436871.1073741828.1556276644616898/1687789144798980/?type=3,144,710,13.0
1556276644616898_1687341934843701,2016-11-02 05:00:00,,"你喜歡哪一個呢✨
左 or 右？！",video,https://www.facebook.com/cookierunzh/videos/1687341934843701/,214,623,1.0
1556276644616898_1686736478237580,2016-11-01 00:00:11,Timeline Photos,"【獎勵調整公告】
嗨～親愛的跑友們

因應眾多玩家們於論壇、評論中留下的反饋，進行了下列調整項目。

1. 迷你水晶瓶登場！
迷你玻璃瓶變更為迷你水晶瓶，只要奔跑，就能收集水晶。
各Land中，含有高達17顆的水晶。

2. 第4～7名的獎勵更加精彩 ! 
原先的灰色寶箱升級至木質寶箱，現在輕鬆收集餅乾、寵物！

3. 進入新的Land時，送你水晶禮物！
前進新Land的話，就有機會獲得水晶獎勵，最多700顆。
現在已位於高階Land嗎？別擔心～將全部發送1次喔。

4. 禮包商品，輕鬆購買！
逃出等級11起，升級的時候，就能購買最高級寶箱禮包！

5. 享受在實力相當的Land中跑跑吧！
當玩家掉落(以當前Land所需的獎盃數為基準)200個以上獎盃數，就會降回上一個Land～
請在獎盃數所對應的Land中，和實力相當的對手較勁，最低最低降至Land2～

此外，團隊將持續開發新元素、新系統，未來將與大家見面！
敬請期待😉

隨時歡迎跑友們反饋給我們～
我們將盡最大努力，提供更歡樂的跑跑薑餅人💪
我們遊戲裡見囉，不見不散！",photo,https://www.facebook.com/cookierunzh/photos/a.1671410236436871.1073741828.1556276644616898/1686736478237580/?type=3,160,453,3.0
1556276644616898_1686626471581914,2016-10-31 14:45:00,,"【獎勵調整預告】　
親愛的跑友們，大家好！
今天跑得還愉快嗎？

我們收到了各位跑跑玩家的反饋
預計在今晚深夜進行特別更新
令人開心的小變化等著您！

跑跑薑餅人將持續傾聽各位玩家最原始的心聲😊

跑跑薑餅人營運團隊敬上",status,,74,245,2.0
1556276644616898_1685673295010565,2016-10-30 02:59:00,Cookie Dance 餅乾舞,"👉 Cookie Dance 餅乾舞👈
跳跳薑餅人來囉😝

餅乾會跑、還會跳！
一起來跟著動次動次～扭～動～吧🎶

＃一起來跳吧 ＃跟著上的請舉手
＃你喜歡哪一個餅乾呢
＃有人發現音樂很熟悉嗎",video,https://www.facebook.com/cookierunzh/videos/1685673295010565/,1106,3589,243.0
1556276644616898_1685150038396224,2016-10-29 15:31:01,Timeline Photos,"👻薑餅人來襲👻

不給果凍就搗蛋～ 
各位跑友～萬聖節快樂！",photo,https://www.facebook.com/cookierunzh/photos/a.1671410236436871.1073741828.1556276644616898/1685150038396224/?type=3,209,591,4.0
1556276644616898_1685166018394626,2016-10-28 12:44:34,Timeline Photos,"[臨時維護公告 - 已結束]

由於大量玩家湧入，遊戲進行40分鐘的維護作業
遊戲中造成不便，敬請見諒。
我們將發送300顆水晶補償獎勵表示歉意。

* 補償發送對象：
於10月28日 晚間9時30分前為止加入《跑跑薑餅人 : 烤箱大逃亡》的玩家們
* 獎勵下發時間：
2016年10月28日 晚間9時50分 ~ 10月29日晚間10時59分止 
(台灣時間為準)

營運團隊將持續努力提供良好的遊戲環境:)

跑跑薑餅人營運團隊敬上",photo,https://www.facebook.com/cookierunzh/photos/a.1671410236436871.1073741828.1556276644616898/1685166018394626/?type=3,192,442,1.0
1556276644616898_1685145135063381,2016-10-28 12:30:00,強勢回歸，全球開跑！,"【Cookie Dance】可愛療癒的餅乾來囉✨
看起來似乎可以出道了呢😝

一起跑跑、跳跳吧！
👉馬上前往下載 >> https://goo.gl/xuxcFc",video,https://www.facebook.com/cookierunzh/videos/1685145135063381/,131,725,39.0
1556276644616898_1684730448438183,2016-10-27 09:43:32,Timeline Photos,"🎉《跑跑薑餅人：烤箱大逃亡》就在今天🎉
全球！正、式 、上 、線 ！

👉馬上前往下載 >> https://goo.gl/xuxcFc

感謝各位玩家耐心等候
祝大家跑得愉快😉",photo,https://www.facebook.com/cookierunzh/photos/a.1671410236436871.1073741828.1556276644616898/1684730448438183/?type=3,465,1749,54.0
1556276644616898_1684204181824143,2016-10-26 07:17:40,Timeline Photos,"全新遊戲《跑跑薑餅人：烤箱大逃亡》倒數最後1天！！

☝就在明天～讓我們一起瘋狂奔跑吧💦

預約進入倒數 >>
https://pre.cookierun.com/tw",photo,https://www.facebook.com/cookierunzh/photos/a.1671410236436871.1073741828.1556276644616898/1684204181824143/?type=3,80,555,13.0
1556276644616898_1683844281860133,2016-10-25 10:59:16,Timeline Photos,"全新✨跑跑薑餅人上架 倒數第2天！

快來約哥哥姊姊弟弟妹妹好友鄰居
一起來～倒～數～吧😉

預約要快 >>
https://pre.cookierun.com/tw",photo,https://www.facebook.com/cookierunzh/photos/a.1671410236436871.1073741828.1556276644616898/1683844281860133/?type=3,52,466,10.0
1556276644616898_1683449331899628,2016-10-24 14:00:10,Timeline Photos,"全新✨跑跑薑餅人上架！倒數3天！

預約要快囉 >>
https://pre.cookierun.com/tw",photo,https://www.facebook.com/cookierunzh/photos/a.1671410236436871.1073741828.1556276644616898/1683449331899628/?type=3,62,834,18.0
1556276644616898_1683390341905527,2016-10-24 11:21:32,Timeline Photos,"【遊戲維護公告】
10月 24日 11:00 - 17:00 (GMT) 進行遊戲定期維護 (預計6小時)

為提供更優質、有趣的跑跑薑餅人～請耐心等候哦😊",photo,https://www.facebook.com/cookierunzh/photos/a.1671410236436871.1073741828.1556276644616898/1683390341905527/?type=3,28,233,1.0
1556276644616898_1681081008803127,2016-10-19 10:57:23,Timeline Photos,"嗨！帥氣十足的餅乾登場啦 B| 
這裡有黑巧克力的愛好者嗎？！

更多黑巧克力餅乾的故事～
我們遊戲裡見囉👋

還沒預約遊戲嗎？>>
https://pre.cookierun.com/tw",photo,https://www.facebook.com/cookierunzh/photos/a.1671410236436871.1073741828.1556276644616898/1681081008803127/?type=3,69,455,7.0
1556276644616898_1678309719080256,2016-10-13 07:39:36,Timeline Photos,"👋 嘿！這是甜甜圈！還是餅乾捏？
還是甜甜圈餅乾、餅乾甜甜圈？
你說呢？😄
後面那個小跟班又是？

想一探究竟嗎？
別忘了先預約遊戲 >>
https://pre.cookierun.com/tw",photo,https://www.facebook.com/cookierunzh/photos/a.1671410236436871.1073741828.1556276644616898/1678309719080256/?type=3,81,343,2.0
1556276644616898_1677144445863450,2016-10-10 13:01:58,全新！跑跑薑餅人回來囉！,"🔈針對許多跑跑薑餅人玩家所持有的疑惑
在此向所有跑友說明😃

👉全球地區開放遊戲後，遊戲進度會不見嗎？

1. 目前所使用的裝置和全球開放後的裝置相同的情況下：
刪除遊戲後下載新的版本，遊戲進度將有可能保存哦！

2. 目前所使用的裝置和全球開放後的裝置不同的情況下：
必須連動Google Play/Game center帳號，遊戲進度才會存在哦！

在此提醒您✨ 務必將遊戲與Google Play/Game center連動，
才能確實保存遊戲進度、安心遊戲^^ 

👉《跑跑薑餅人：烤箱大逃亡》和LINE跑跑薑餅人不同嗎？

是的！這是款全新、最新面貌、不一樣的薑餅人手機遊戲！
至於，更多不同之處！等玩家們來體驗、體會囉❤

>> 預約遊戲＆參加抽獎活動：https://pre.cookierun.com/tw",link,https://pre.cookierun.com/tw,59,155,5.0
1556276644616898_1675055159405712,2016-10-05 08:05:27,全新！跑跑薑餅人回來囉！,"全新遊戲《跑跑薑餅人：烤箱大逃亡》事前預約開跑囉！✋

👉參加事前預約，分享至你的facebook，馬上擁有iPhone7的抽獎機會！
👉還有100隻薑餅人大娃娃～等著你😉

準備好了嗎？！ 前往預約 >>
https://pre.cookierun.com/tw

#跑跑薑餅人 #烤箱大逃亡 #事前預約 #抽iPhone7",link,https://pre.cookierun.com/tw,460,945,256.0
1556276644616898_1672919299619298,2016-09-30 14:07:09,,"嗨～各位玩家們
遊戲已更新完成！

最新遊戲iOS（1.12版本）更新內容如下：
1. 改善優化ID加好友功能，玩家們可以更方便地找到自己的ID
2. 改善優化遊戲性能
3. 改善低階模式的連線可靠性
4. 修正多項bug

祝遊戲愉快哦😃",status,,147,142,
1556276644616898_1672503946327500,2016-09-30 04:00:01,Timeline Photos,"萬眾等待的【跑跑薑餅人：烤箱大逃亡】預熱準備中！
準備三步驟：期待、期待、再期待✌",photo,https://www.facebook.com/cookierunzh/photos/a.1671410236436871.1073741828.1556276644616898/1672503946327500/?type=3,36,115,1.0
1556276644616898_1671387559772472,2016-09-26 16:17:59,Timeline Photos,"你也在尋找《跑跑薑餅人：烤箱大逃亡》嗎？
我們已經在下列國家中開放囉！",photo,https://www.facebook.com/cookierunzh/photos/a.1671410236436871.1073741828.1556276644616898/1671387559772472/?type=3,38,112,4.0
1556276644616898_1671250366452858,2016-09-26 16:13:00,,"全新的～「跑跑薑餅人：烤箱大逃亡」重磅回歸！

現在起，幫助勇敢餅乾和其他餅乾好朋友們
一起逃出魔女的邪惡烤箱吧！Go！",video,https://www.facebook.com/cookierunzh/videos/1671250366452858/,29,124,9.0
1556276644616898_1671393173105244,2016-09-26 15:19:23,跑跑薑餅人：烤箱大逃亡,,photo,https://www.facebook.com/cookierunzh/photos/a.1556711807906715.1073741825.1556276644616898/1671393173105244/?type=3,43,229,5.0
